parcel_id,index,units,dist
1716187,4098,34.0,107.004626445897
1724037,2083,43.0,0
1724037,2050,43.0,59.358155122929
1714180,1609,43.0,0
1714180,2514,43.0,0
1712943,2432,14.0,0
1712944,1630,43.0,0
1713160,6404,109.0,11.0093161127765
1713201,3726,109.0,2.07236518103188
1723975,2379,24.0,0
1723860,2403,18.0,0
1717727,4085,75.0,0
1715122,6341,75.0,11.890489440579
1715691,4095,70.0,7.14992295986385
1715687,2628,70.0,0
1723524,1633,43.0,0
1723524,2505,43.0,0
1723582,5530,111.0,1.3253298562941
1710236,1614,43.0,0
1711771,1618,43.0,0
1710685,3122,54.0,0
1709662,3775,33.0,3.23760044889553
1709662,4090,33.0,7.33389773236755
1709658,1599,43.0,0
1711134,5744,84.0,4.52522136068931
1712104,1612,43.0,0
1712104,4093,20.0,7.93958454363811
1712082,4097,21.0,1.69384512197687
1711860,4087,52.0,5.74430237280293
1711860,1623,43.0,0
1711860,54,11.0,0
1709774,2471,74.0,0
1709730,4091,74.0,5.24387150431764
1709728,260,36.0,0
1709729,4086,60.0,7.43518632928672
1709729,236,43.0,0
1709729,1602,43.0,0
1705305,1955,43.0,0
1702324,1647,3.0,0
1702320,6410,20.0,0
1702173,3885,112.0,7.40441485274754
1718275,4203,72.0,14.9197100382565
1719192,5910,138.0,5.06985096808188
1702028,4205,62.0,8.21418610602002
1701916,6409,42.0,1.79921902539965
1701705,3351,43.0,0
1701982,4208,20.0,9.42795909245384
1720448,6349,20.0,10.8869448618271
1701896,1600,29.0,5.09597081046779
1703702,1657,43.0,8.95765319142569
1718653,1651,43.0,0
1718306,6059,40.0,11.6638088761322
1718647,6504,76.0,17.527528888046
1718647,3758,76.0,7.14982479007287
2053557,6393,38.0,21.5450221583473
1718652,6394,62.0,15.6362165866237
1694169,4211,8.0,7.89638562777291
1694167,2012,43.0,0
1701845,4210,13.0,5.45796491980733
1700209,6401,50.0,8.94323528397383
1700752,1649,43.0,0
1700752,2504,43.0,0
1694747,6391,49.0,0
1700115,2534,24.0,0
1694792,6408,55.0,16.3478372498375
2050794,3807,80.0,4.71513660384767
1594213,2014,43.0,0
1692074,4779,84.0,0.417234232360545
1692056,1704,43.0,0
1584801,1639,4.0,0
1689667,4861,5.0,5.20670599388985
1583951,2487,43.0,0
2054124,5894,144.0,0
1601204,5610,123.0,10.9111930206618
1598517,3778,80.0,15.2238691792421
1599150,2636,141.0,0
1679109,6499,250.0,19.9024349721171
1598490,59,16.0,0
1509047,5520,15.0,12.4061242169995
1600981,4782,23.0,6.95079474510953
1600893,5521,29.0,7.54985119485676
1669518,3789,198.0,0
1510120,6418,275.0,7.88749742480029
1509948,3211,153.0,2.89123027576496
1603151,4762,51.0,8.11049422647171
1505291,1714,43.0,0
1536818,6352,144.0,9.19580584767562
1603859,6177,126.0,5.13549049671497
1536760,4775,135.0,0
1488112,3061,150.0,4.67710594129895
1665175,4767,150.0,6.42241988568568
1665175,1716,43.0,0
1536763,2398,194.0,0
2054157,5444,14.0,10.6342135746226
1665172,3279,100.0,0
1665134,1744,43.0,5.17571712752425
2052804,4757,102.0,0
1495821,3718,64.0,0
1536971,6260,79.0,8.17675034089753
1536972,1993,43.0,2.7925072589311
1664425,4805,286.0,8.51011190284211
1536772,1741,7.0,0
1495713,1637,2.0,0
1495729,4176,107.0,0.942961220060451
1537580,4726,52.0,3.75549081019725
1543722,2041,43.0,6.34418399044438
1527497,6297,48.0,16.6485472952325
1665465,5663,175.0,7.221509126715
1540456,3776,135.0,5.66515327063674
1665949,2942,175.0,5.74142222085479
1665930,223,35.0,0
1664077,2076,43.0,5.9338868976741
1494846,3984,5.0,9.61454354108679
1494225,1590,14.0,0
1539691,3889,83.0,18.9209146175167
1539691,3888,83.0,18.0133560792928
1494210,3705,24.0,0
1494212,2456,24.0,0
1489030,3983,100.0,3.3674569269691
1539599,6052,83.0,14.1175521979318
1500754,2704,90.0,1.76279678089586
1500768,6348,125.0,6.63706752138341
1539599,6051,83.0,15.1541954392254
1537559,2342,138.0,0
1537551,2163,180.0,0
1537552,257,36.0,0
1533565,5680,180.0,7.64260372096459
1572903,6535,288.0,10.6208297337908
1435589,2094,102.0,0
1481314,5526,20.0,12.2317493174526
1500487,3202,43.0,71.1270679232129
1572912,6263,286.0,8.81224676143029
1576140,2122,152.0,0
1534809,6351,155.0,56.7806658759231
1572298,3283,120.0,0
1435304,2750,200.0,0
1533621,3548,148.0,0
1492371,2386,98.0,8.11148415645965
1488413,1694,2.0,0
2048648,4768,112.0,0
1436708,2841,98.0,0
1533614,3763,112.0,6.63554534560564
1645792,5662,84.0,7.68670490970617
1577197,4837,160.0,2.596822421357
1577692,5661,72.0,8.57047270198966
1410742,3982,156.0,12.9793124032393
1533042,2850,179.0,0
1434964,3099,156.0,0
1577698,2556,72.0,0
2050823,2579,92.0,122.233133763077
1533609,2275,50.0,0
1577568,4817,120.0,0
1410048,4867,66.0,0
2053273,6143,152.0,2.30525382307171
1533095,2250,239.0,0
1533596,2603,152.0,0
1414630,6538,130.0,0
1434149,2598,80.0,0
1428695,5643,160.0,12.5615840885399
1433843,6528,143.0,8.37235216192603
1532709,5908,12.0,5.91798771445762
1533104,2011,43.0,0
1533148,5669,372.0,7.22448087894608
1533148,4828,66.0,3.91174573829588
1428363,1711,21.0,0
1428363,2074,43.0,0
1516984,4785,133.0,4.90192881816464
1428828,2638,94.0,0
1516993,266,27.0,0
1552473,224,60.0,27.0623187007146
1552491,6090,75.0,8.38947255398122
1552495,4859,95.0,10.2068695293724
1579093,6172,300.0,0
1579093,6171,201.0,3.90617148474435
1552508,2819,152.0,0
1533165,3072,225.0,20.0788636290077
1552507,2818,153.0,0
1414844,4783,76.0,2.00637122468328
1409444,2180,176.0,9.86283218223079
1470133,4740,80.0,7.61863473676218
1413942,5625,70.0,7.6062050661596
1411336,4737,29.0,29.669146568622
1413920,3056,43.0,0
1516447,4796,148.0,4.99065973799459
1516447,5955,140.0,11.576887808839
1409128,4724,72.0,8.56146955149549
1409129,3770,72.0,8.93392725413735
1408746,5774,72.0,7.98524239272263
1516094,4772,66.0,8.21839708827374
1515492,3808,66.0,12.6526968240653
1396336,6181,47.0,6.77148557388392
1411300,1743,43.0,0
1552455,1734,43.0,3.42668631907741
1552467,2536,117.0,0
1413074,4786,63.0,7.33015663349727
1515406,5482,24.0,6.99025385189596
1515547,6309,2.0,8.41972739008566
1396382,2433,50.0,0
1648411,6532,180.0,5.98957987423794
1552432,2544,16.0,0
1648416,3235,43.0,0
1650223,3258,43.0,0
1407706,3080,71.0,0
1650040,6135,272.0,13.0634102672449
1426565,3417,176.0,0
1472229,2952,43.0,0
1551947,4818,79.0,8.73199964429665
1433047,6346,125.0,9.4915417487685
1462593,248,43.0,0
1472329,2908,43.0,0
1462593,2085,27.0,0
1472329,1597,7.0,0
1396511,3805,138.0,9.59314214602517
1407564,6050,90.0,9.07093771591006
1433365,2502,43.0,0
1396511,4770,138.0,9.8611121299121
1549978,5907,37.0,12.819972992847
1549965,2802,148.0,0
1472379,2134,40.0,0
1407559,3774,90.0,9.60522358189676
1452379,4011,100.0,3.51022847518044
2049639,6062,95.0,13.2891804574246
1570417,4816,354.0,6.30362277120788
1396833,6042,123.0,19.5561978230099
1396833,4808,110.0,8.10075039092425
1549963,4831,88.0,5.70927112829824
1553852,5712,70.0,4.83979956379697
1549963,4787,103.0,0.400439700418449
1554166,4825,100.0,2.06046282441385
1553852,4807,70.0,0
1554284,57,20.0,2.9362948375194
1397262,3652,23.0,3.02937544681901
1570040,3071,216.0,68.8243498721942
1552099,2409,88.0,0
1552307,4836,100.0,10.3165363977157
1406287,2685,109.0,0
1397164,5425,54.0,12.0073482749959
1550723,2193,53.0,0
1552361,4829,61.0,11.5237179784982
1550728,4801,109.0,9.89424710591499
2051384,5892,63.0,7.37263146927858
2051384,3723,63.0,7.33282118954094
1550814,1709,43.0,0
1552388,2211,192.0,81.4735791312971
1552390,4847,130.0,1.93969355219974
1550814,6477,60.0,11.5262443413869
1392799,4736,165.0,8.69801415954793
1424349,2078,43.0,0.932069053365538
1393586,4850,245.0,0
1393625,2793,94.0,5.3464951000141
1546628,2947,323.0,0
1403031,2009,43.0,0
1393583,4789,88.0,8.11480846838376
1546624,3568,87.0,0
1431426,4949,42.0,12.5412566001613
1546547,5533,216.0,4.3481989177721
1546489,6063,185.0,8.25463960650863
1548723,6446,59.0,6.67124806875409
1548723,1698,13.0,7.9214759968448
1570767,1742,43.0,0
1570767,2498,43.0,0
1423790,2516,43.0,0
1546760,1728,43.0,0
1451515,2234,211.0,0
1451513,4965,66.0,8.97899522224085
1451515,5760,222.0,8.37646888496583
1558505,6500,93.0,13.478867112266
1385490,2551,9.0,5.72616128849831
1558496,6358,129.0,7.08866234915891
1402032,4943,33.0,7.11128921229943
1558653,1730,43.0,11.3038468580591
1547537,6158,84.0,9.33945307005006
1558942,2665,99.0,0
1559038,6398,86.0,1.93311633272844
1567263,6527,287.0,24.6904024098543
1400559,1749,43.0,0
1400559,2492,43.0,0
1384924,5891,96.0,11.0763534726823
1384930,3436,109.0,0
1442552,259,43.0,0
1401409,4947,100.0,10.3581237228889
1401389,5556,101.0,10.9427723318821
1384930,3460,43.0,0
1385020,5597,140.0,11.1451443374699
1567515,6157,59.0,10.4135210982874
1400332,4944,17.0,0
1363476,6182,48.0,8.51648346238133
1556415,5525,60.0,14.5188425582232
1371629,4942,24.0,23.973417319929
1371629,4937,25.0,2.83775438000193
1557174,5983,25.0,6.9342590715124
1557173,5524,50.0,6.67056983821888
1562898,6553,81.0,14.9550731600834
1371644,4946,6.0,9.03864573499279
1557159,2576,93.0,2.47661928735269
1362759,3023,15.0,0
2051439,3023,15.0,0
1400439,2622,42.0,0
1358896,4975,5.0,5.62308488144482
1557291,4839,93.0,9.29039444628808
1386610,6513,201.0,1.59817622745412
1386681,4821,201.0,2.24262674618304
1370611,5678,144.0,9.94881899771157
1563433,1733,43.0,0
1563433,2497,43.0,0
1386683,4823,80.0,7.61603722871823
1359003,2086,48.0,0
1557431,5794,101.0,0
1358550,3063,43.0,0
1556372,4830,96.0,14.6347098932089
1369660,4950,28.0,0
1383289,2582,53.0,3.88134495285464
1369660,5990,28.0,9.93063781751336
2048826,222,43.0,5.93046168660882
1374179,2480,88.0,4.10800555117697
1563693,2317,144.0,0
1563694,6173,49.0,10.295908607762
1563692,2706,69.0,0
1361458,4948,57.0,0
1361458,2614,16.0,0
1358225,4976,6.0,5.59125135242498
1361488,2277,17.0,6.52709784224572
1361474,3159,43.0,0
2049865,3113,43.0,0
1373898,6175,106.0,5.08320557957649
1559659,5775,700.0,79.2455322066506
1366878,4945,6.0,8.86836558015518
1560632,4824,55.0,7.00794080927885
1387591,235,140.0,77.2772793273037
1387591,2145,700.0,77.292521489545
1373895,6180,184.0,7.54898874546119
2054079,5519,15.0,7.5176534050231
2050810,50,13.0,0.50560602384807
1560793,3031,43.0,0
2050810,1718,43.0,4.18495152838886
2050810,2880,35.0,0
1562101,6174,66.0,0.665531180250226
1357931,6302,20.0,8.23483462706709
1373877,6206,100.0,11.1572425224285
1357928,2776,124.0,0
1560679,4727,210.0,4.23995742386687
1373878,48,43.0,0
1387534,53,43.0,6.99974648163955
1367400,3212,43.0,0
1373847,5988,42.0,7.80606522118849
1373843,220,43.0,4.59487530615633
1387534,2616,94.0,0
1560690,3114,85.0,0
1359768,2967,95.0,10.4836503869417
1349768,4978,38.0,4.25655605418489
1357902,5629,209.0,10.9808722245565
1364287,4938,72.0,3.63384974761896
1387963,2465,75.0,0
1561329,3251,43.0,0
1561328,3790,86.0,10.4644746005232
1561326,218,18.0,0
1387914,2473,76.0,0
1388974,5595,168.0,9.67248027467348
1387907,5438,24.0,4.50314928609561
1387907,4815,25.0,0.346026305860805
1356634,2092,101.0,3.99283493809551
1630543,4860,24.0,0
1356477,3747,123.0,2.23391080155942
1356477,1776,43.0,0
1356477,2907,43.0,0
1620002,5952,157.0,12.9431464805425
1619953,3410,18.0,0
1346799,5758,150.0,18.0504461514519
1354296,253,43.0,7.37507830684864
1354254,5379,23.0,8.15134925790739
2052402,3741,246.0,14.6511944426024
1378433,6478,246.0,0
1330506,2945,43.0,0
1355075,1769,43.0,0
1353606,2493,43.0,0
1321150,2005,43.0,0
1330557,4977,11.0,12.0763265925524
1288162,6360,100.0,8.11594112676958
2051893,4941,18.0,9.33474627901733
1288160,2896,15.0,0
1352232,5527,35.0,7.30645083085725
1322424,6156,51.0,5.78360312995629
2054120,6017,128.0,0
1320449,2488,43.0,0
1295966,5713,193.0,5.4543965628746
1316936,6284,74.0,7.58642520313501
1295955,4968,62.0,0.996788531868194
1295966,2801,193.0,0
2050802,5954,96.0,13.5679151684952
1316938,2740,107.0,0
2052071,6285,107.0,0
1316938,3715,107.0,0
1288158,1986,43.0,0
1288158,1760,43.0,0
1288158,4933,100.0,9.23364413258604
1318326,5756,120.0,7.37255018277763
1615797,3817,92.0,14.712043211877
1324542,2378,56.0,8.34813912820153
1330916,5618,92.0,8.80308581100426
1615801,5665,92.0,9.67311695079343
2050568,6286,149.0,4.12801748254118
1317583,4222,104.0,0
1615801,263,19.0,0
1317618,5378,34.0,6.48039708740083
1320021,4215,32.0,5.91504251307943
1285378,3136,168.0,5.53750521052014
1324483,3084,43.0,0
1314303,1669,43.0,0
1288085,2281,71.0,0
1288086,2842,148.0,0
1315908,1674,43.0,0
1278323,4196,101.0,0
1331060,4416,66.0,12.7694340189589
2052206,3675,124.0,5.00085780552844
1289652,2380,140.0,0
1309064,2840,35.0,0
1289651,5668,140.0,7.58217634703181
1289651,2375,120.0,0
1313429,3489,156.0,0
1290880,6126,637.0,7.36350861936433
1310518,2154,33.0,0
2051503,3813,637.0,4.96780257124225
1308859,3384,43.0,2.24940689621434
1279346,5693,306.0,12.813846978353
1279345,251,77.0,105.630838724977
1279345,3806,306.0,7.35615691098028
1306502,5544,120.0,7.13384315649285
1306502,1968,43.0,0
1308087,6226,14.0,12.1410035301679
1308588,1684,43.0,0
1308325,1681,43.0,0
2049751,1677,56.0,0
1305593,5869,56.0,12.3004818646261
1308437,5517,24.0,6.19308213785289
1308432,3853,56.0,7.69164216482496
1308432,5769,57.0,7.00426097236585
1301967,3637,45.0,9.85723374756892
1297718,2933,43.0,43.7287560475736
1260042,3827,80.0,12.5202611286222
1268611,2663,103.0,0
1273886,5660,101.0,11.3265989732041
1211818,1562,43.0,0
1211791,5820,18.0,8.74446870549225
1200149,4101,80.0,3.29613044828878
1200151,2054,43.0,5.45466928646891
1299746,4403,89.0,7.16755889830973
2052010,1690,43.0,0
1299743,1690,43.0,0
1302435,4414,60.0,0
1299517,6088,50.0,11.4492922237291
1299515,6328,107.0,10.3882133849923
1299598,1686,43.0,0
1299378,4417,25.0,1.46867013496885
1298257,5599,68.0,6.86649199040878
1209296,3557,30.0,0
1298257,265,43.0,0
1298752,3316,50.0,0
1298090,4411,100.0,4.95154917392691
1198515,3755,36.0,19.3929447516347
1298024,5412,218.0,4.04983206256564
1207307,3036,93.0,0
1198553,4106,28.0,6.0847197014926
1196950,4030,36.0,40.9468595873587
1198536,2187,36.0,0
1196706,6274,43.0,0
1198465,6283,36.0,4.44655613069424
1196721,2246,23.0,0
1198365,4105,50.0,5.76346713145071
1196605,2590,43.0,51.9015929966421
1196719,4029,26.0,6.73205398801598
1177677,6300,45.0,0.680639628802676
1271271,5648,171.0,76.2748470134562
1189679,3455,43.0,0
1198322,6229,40.0,4.818784591238
1177287,3513,64.0,0
1196606,5719,94.0,8.93153885043682
1196665,41,19.0,12.5343858108206
1177275,4107,60.0,2.62564696079637
1196800,1550,43.0,0
1197391,2260,129.0,0
1196668,4031,11.0,5.22137000510904
1176501,1554,43.0,0
1194482,3183,1.0,0
1194241,3190,1.0,0
1194826,2693,78.0,0
1194826,4041,78.0,6.20321817220958
1184204,3440,72.0,0
1194778,6097,32.0,4.51231295154324
1190456,1558,43.0,0
1190456,2189,6.0,0
1194898,4028,1.0,7.68083676114656
1194880,4033,77.0,2.64295026886209
1193906,2297,38.0,0
1173043,4464,24.0,6.81501281665752
1190562,3709,6.0,14.0166575934038
1171569,4451,38.0,7.50222375135733
1171202,6546,36.0,5.39457199874543
1171217,214,7.0,0
1171201,4452,35.0,1.58055390706379
1171292,1574,43.0,2.91771491940576
1175828,2121,130.0,0
1175828,5515,130.0,3.57628497976523
1170175,5905,14.0,8.37037928404053
1170784,1569,43.0,0
1170774,5320,15.0,9.23108976653775
1170162,1577,43.0,2.53951667426018
1170167,4454,5.0,4.97971218247088
1170167,6545,58.0,6.58951426669726
1180292,3015,8.0,0
1171063,2155,27.0,0
1175893,6278,6.0,70.8980715148674
1171013,1566,43.0,0
1171797,3756,82.0,10.0886178896963
1170926,3576,59.0,0
1170835,3026,136.0,0
344071,4081,100.0,0
1161532,5822,14.0,5.91571779817051
1160677,1583,43.0,0
1160724,3516,43.0,0
1173302,43,12.0,60.5950986213722
1173310,4453,6.0,56.6563662569559
1149773,3216,164.0,0
1152700,2467,16.0,1.25106241861369
1150719,3929,25.0,3.21408468260088
1150720,1540,43.0,0
1150316,2959,43.0,0
1148652,5511,24.0,6.61130466156401
1139112,1998,43.0,0
1235069,4462,104.0,0
332846,3391,20.0,0
333127,4083,10.0,5.53119240130271
333111,2883,18.0,2.10385525309646
319048,3085,41.0,7.17199285662697
341043,5881,100.0,0
335954,3635,82.0,0
341111,899,100.0,0
332911,97,43.0,7.93884480967391
319051,4074,60.0,0
332927,6304,64.0,4.8468443360034
319048,906,44.0,0
335950,6098,82.0,7.03890528818277
332913,900,43.0,10.7201080767716
335948,3385,24.0,0
335947,4061,81.0,2.358452454505
333020,5458,14.0,7.57677878394657
329418,6382,51.0,16.3062306210577
307732,3399,43.0,0
1136057,2711,81.0,0
331097,83,43.0,0
1136212,6298,68.0,13.0232737978079
331097,4070,100.0,6.22892548844973
307779,6163,132.0,7.43565075520949
1136318,2798,50.0,0
329593,3751,100.0,19.3745597445204
1136267,3254,72.0,0
334000,5608,94.0,12.4721474851532
210548,4223,150.0,10.3703076806785
210532,5558,50.0,14.3011926565751
309514,2112,128.0,7.7637815193892
1128747,6301,60.0,3.72862671925489
305199,4080,71.0,14.9576586397731
309495,4064,60.0,6.13597127802212
314777,5853,322.0,19.1265645762855
314777,2606,322.0,14.1550474957126
303539,4077,81.0,15.7177372248565
314777,3366,322.0,13.9624411416161
1229976,2594,280.0,0
1251906,4896,92.0,0
314748,107,13.0,0
314748,4071,60.0,1.22134147509887
312102,6392,132.0,9.77073099914587
312102,905,43.0,5.74858016048014
312102,1952,43.0,2.50305108898262
1231015,4060,60.0,0
308414,2739,98.0,0
1230948,6339,159.0,1.84977426147672
1123937,5580,200.0,5.68399208026981
309401,3037,32.0,0
1123626,3814,57.0,9.03132720008696
1123733,4891,8.0,11.0314487531666
1123846,2135,16.0,0
1123846,4890,43.0,6.62329427752523
1118430,3003,43.0,0
1247408,4899,44.0,2.54593273601926
1118691,4893,11.0,8.442408824355
1118691,2117,11.0,0
315428,2263,43.0,8.08290862858048
1120141,4892,9.0,7.57595654306755
1118517,4895,6.0,6.34157573396025
1117288,4894,15.0,0.182734949346063
301126,3820,125.0,8.99053072133277
1101351,3664,103.0,7.47856053357833
1101353,4398,102.0,8.97199848565164
1114105,3978,5.0,21.8029041667855
1107811,2986,43.0,0
301183,3160,230.0,0.605941207971619
295649,3392,43.0,9.05981358913553
295650,4987,230.0,0
301185,5442,45.0,8.23208273895867
300744,4984,40.0,5.44387559931
203565,6299,100.0,85.1484479655571
1105749,3110,43.0,0
291690,3175,43.0,0
291615,5708,140.0,9.49560618499793
299604,3324,43.0,3.13411362447852
1096404,4400,100.0,9.8818467518504
1096361,210,45.0,0
1096361,2101,100.0,0
299940,6292,57.0,8.57812277939635
299035,3321,43.0,3.03385677002536
1094560,3004,43.0,0
204167,4985,121.0,1.9072423635947
204167,5759,121.0,4.84074255145858
204167,98,25.0,0.84897521607758
204167,1139,43.0,0
1094561,5962,27.0,0
203942,3437,43.0,0
1095910,2060,43.0,0
170638,6102,57.0,8.60961706214468
1086361,4503,114.0,0
290368,3286,43.0,0
168973,4136,60.0,109.812650421132
284282,5726,150.0,7.3504158097123
1081420,2313,10.0,0
1081426,4401,10.0,1.08919196605136
280118,4114,96.0,4.38713965168778
280113,2479,96.0,4.27368499683221
282646,4128,252.0,25.077868870323
1087547,2595,185.0,10.6289560097381
168615,131,43.0,0
280112,3600,43.0,0
280102,5632,78.0,9.34672947928727
279902,4130,20.0,8.41023486243626
280324,2324,40.0,0
1246496,6525,114.0,6.22719903492527
1087575,5854,300.0,0
1246496,6524,114.0,5.98108887346279
168657,6101,151.0,9.55672882747765
279772,2321,27.0,0
1064832,4395,42.0,9.98657205363039
1064832,4399,41.0,13.9767227469147
280811,3262,43.0,0
1077997,3401,181.0,0
1078859,6294,62.0,12.7960760691002
1078858,3354,80.0,0
1078362,4963,80.0,0
274786,5827,54.0,5.89132191383275
385354,4444,172.0,0
274786,3643,54.0,0
274682,4117,100.0,12.5942907539937
274786,921,5.0,0
383583,1128,43.0,0
1063754,3359,43.0,0
271487,932,43.0,3.76034381981424
383583,5675,78.0,10.6095397182126
271487,4138,78.0,0
383583,3786,78.0,11.0691829196726
1078024,5646,74.0,8.71172137294957
383604,5859,200.0,11.7744838519047
383604,13,198.0,8.01480013613179
1075588,4962,63.0,5.90363810485282
277418,2586,81.0,7.96707537986684
277368,5673,81.0,9.14001083824053
1075617,1972,43.0,0
1075577,4961,6.0,2.86275250986944
1074758,4960,24.0,0
276160,914,43.0,0
383609,2223,100.0,1.8684638083171
276147,6106,50.0,6.4916004538926
1243004,4959,124.0,6.84747701172012
1072224,4955,40.0,6.3629132635963
217061,6374,100.0,10.7198800466502
1072163,4958,43.0,9.44517302559804
1072163,1584,43.0,0
1072163,1589,43.0,0
216119,3240,40.0,0
216533,1121,43.0,0
216472,3215,50.0,0
275148,4131,81.0,5.78792278873018
269594,4140,66.0,0
269593,926,35.0,0
1070597,2230,34.0,0
269290,4112,26.0,7.79585317137663
267512,3633,10.0,5.89512026953106
266780,4127,151.0,3.82795640777054
267488,4110,26.0,3.44314429319449
265552,3204,21.0,0
267540,6103,60.0,10.960154879916
267127,5867,8.0,6.69812756956913
252045,5346,95.0,5.73698847452645
252033,3521,65.0,0
266989,919,43.0,0
266989,1997,43.0,0
266989,6105,36.0,10.8476634545371
263674,2697,45.0,0
234009,5334,80.0,10.4681704496711
266430,4135,7.0,2.79563866417134
219238,2990,12.0,0
265252,4132,8.0,1.61963552708873
263831,3662,42.0,4.18927828521023
266128,4133,10.0,0
234078,940,43.0,0
266128,2016,43.0,0
234004,4163,75.0,9.39867902828883
1062891,5495,50.0,3.51581055305426
1062891,1541,43.0,0
383128,2732,172.0,0
1062185,6303,74.0,9.22151167093556
227889,4167,130.0,7.04248560944121
227888,6213,250.0,10.0387378411455
264518,5615,50.0,7.06909023763712
238271,936,43.0,7.43539296708838
257994,4126,109.0,0
238269,2411,69.0,0
225910,4164,55.0,8.92148409996632
225536,3334,125.0,15.679043205949
1059442,1549,43.0,0
254359,920,43.0,0
221666,2508,43.0,16.7599356298885
221997,2500,43.0,0
1056554,3977,14.0,6.71908369754047
1059348,3992,30.0,0
1056244,4019,19.0,11.0662340273821
1056240,2125,18.0,0
258379,5819,5.0,6.31341859388243
249282,133,43.0,0
249282,2130,46.0,0
249282,6122,92.0,6.59366040034564
1055073,3991,74.0,1.37126319117028
258392,925,43.0,0
221474,4171,9.0,12.155200328874
249282,5728,46.0,7.43755048286657
234383,4172,7.0,8.18216887067649
226184,3610,39.0,8.6373624051911
181997,5705,75.0,6.84186219941443
179288,4884,122.0,4.43600069740194
258082,891,43.0,0
258082,1988,43.0,0
258082,6488,28.0,9.81744714378008
258081,4134,28.0,3.9651539232041
1055264,3424,120.0,0
221921,941,1.0,0
186222,3985,96.0,13.8812992843874
176399,5749,84.0,6.91004387029041
176395,4887,84.0,0
165534,5851,840.0,6.91873134694359
227627,4169,176.0,8.89802307916436
176374,1130,43.0,0
186194,5877,97.0,6.58329193657196
174629,4870,80.0,9.06906551262172
174781,5753,80.0,8.57887777483954
1053481,6228,71.0,8.83693711257941
1046475,4014,47.0,5.89703515023849
174629,1,17.0,0
165969,4882,143.0,9.84584307400776
174495,3087,116.0,0
174297,3073,104.0,0
1045850,2422,24.0,0
1050836,4018,147.0,0
390466,6030,112.0,0
390466,892,112.0,0
1045330,5331,39.0,4.13017706013451
1045145,4020,14.0,7.89244600462264
387868,2723,322.0,6.30199234454643
363580,6096,54.0,0
387832,6162,304.0,12.8789511837454
363590,2786,54.0,8.20741174879673
1017124,1389,43.0,13.1550354448711
1017124,4694,101.0,14.0767790036223
1037109,5004,3.0,0
1014957,3483,43.0,3.41381769558876
1017123,5064,6.0,0
1036622,5062,2.0,0
991958,5300,168.0,7.31184944879646
1037299,5206,43.0,2.47342874163069
1013466,5125,43.0,0
1014460,3860,92.0,9.65885145947825
991103,5138,18.0,13.9547663991729
991204,5139,18.0,0
1014443,3867,148.0,6.0127605498532
1013503,1447,43.0,0
1014460,4513,91.0,2.11598359131098
363340,6387,283.0,0
1014415,190,19.0,6.27076014693096
244424,5727,72.0,6.84432134115265
243920,105,15.0,5.24798972443172
243926,3875,72.0,12.876728457059
991461,5174,6.0,0
1040252,5135,43.0,0
1012808,4623,91.0,3.08659301282767
359213,4027,79.0,138.397342195919
1012808,3427,91.0,0
1017938,5372,36.0,14.1002847009574
1032752,2072,43.0,0
1016675,5100,8.0,0
167239,4885,68.0,0
991035,5950,196.0,14.5143276095076
167236,5445,16.0,11.04132937191
1032302,5001,2.0,7.7822546261087
1033509,3274,43.0,0
167234,1135,43.0,0
1029659,5185,9.0,0
167235,5729,26.0,8.77133672970924
990275,5058,43.0,0
1040243,5223,284.0,0
159538,4886,50.0,0
159538,6125,51.0,8.30306251618647
997030,6230,73.0,11.6343961161855
990210,4525,478.0,89.4323762615992
990210,3390,43.0,68.6030742767414
152829,5995,70.0,11.4033889728202
1028938,5271,3.0,6.3578590211132
152817,5440,7.0,8.07996371502511
972077,5180,43.0,0
971923,5027,2.0,2.86224206789058
971513,5195,26.0,0
971706,5262,43.0,0
1028541,4514,91.0,5.11796020369156
1010821,4506,10.0,4.78217599432574
996520,5247,23.0,0
996731,5252,1.0,0
996220,1367,116.0,0
996220,5689,116.0,4.32319128442735
996204,3453,54.0,0
456466,2795,120.0,0
989242,4524,597.0,0
970443,5056,2.0,0
996464,5005,24.0,0
988774,4721,82.0,0
988768,3523,43.0,4.98299290821058
988773,5767,157.0,4.99834836420872
995989,4998,3.0,0
1003924,5148,2.0,4.96766405137619
989025,3337,156.0,0
989078,3294,145.0,2.30399342037341
988770,3374,43.0,1.49208032118029
541433,2684,105.0,7.98857449411869
995771,5096,4.0,0
989073,3422,146.0,0
1003514,3603,43.0,3.76208728790541
1026049,5070,2.0,0
1025378,5016,3.0,4.80289683510207
155612,4877,60.0,9.86208630964188
989013,4540,300.0,10.9527546035118
988639,5832,43.0,9.98994562677491
989085,4557,130.0,10.4511959023534
992749,5402,49.0,10.6226089040733
992749,3418,49.0,0
992970,5502,45.0,11.3917969794712
956293,5188,7.0,0
76726,2568,58.0,0
989086,2213,130.0,0
988791,3188,94.0,0
988640,3187,478.0,4.45116935423193
988781,3049,101.0,0
1001274,5698,46.0,6.47889981063403
1001761,3522,43.0,2.46694087225134
992548,5975,30.0,7.83164090041531
1001761,4522,895.0,0
1041492,4567,275.0,0
992393,5074,2.0,0
1041315,3289,58.0,3.06382229195484
74044,3665,13.0,0
81590,6397,33.0,10.1438614542211
81589,6322,12.0,10.7083978843519
80482,5336,49.0,15.8789004786439
73924,3607,72.0,0
999172,5887,49.0,8.9029429235248
1041162,2389,104.0,0
1023653,5018,4.0,0
1041162,5793,104.0,5.18061498309671
1023406,5128,1.0,0
999150,5057,3.0,9.30317632696723
963800,5045,2.0,0
1021949,5104,2.0,0
962880,4529,585.0,0
1040763,5352,21.0,11.4416400242019
1040442,36,43.0,0
997140,4590,55.0,7.05457176340065
73437,3584,1.0,0
1021892,5173,9.0,8.21913019896805
1021929,6223,160.0,13.9165887152282
1021911,3713,24.0,0
1021921,1403,43.0,0
1021929,3301,160.0,8.08775483824205
79527,6186,12.0,7.55937624971055
1021007,5020,2.0,0
1021279,2007,43.0,0
987674,2349,25.0,12.9372228582429
79138,4364,232.0,0
1020466,5224,43.0,3.12483860397144
79498,3206,43.0,0
988087,2051,43.0,0
70309,2585,137.0,2.49914907090772
81788,5,43.0,0
1020341,4519,15.0,0
79850,6165,32.0,10.5877074350054
1020391,5371,30.0,8.13800481055263
70309,3588,43.0,5.76932899507823
1020390,2960,29.0,0
987999,5032,2.0,0
70338,4370,73.0,0
1020092,3314,11.0,4.15824519651204
988002,1400,43.0,6.24417314446696
78917,3583,43.0,0
987284,3767,20.0,13.7847109751502
980462,5015,2.0,4.05828177694317
1019995,5653,13.0,8.93806147162378
987383,2058,43.0,0
70327,1095,43.0,0
987298,4665,20.0,3.25803200184875
69249,6460,20.0,8.01361853861168
987298,1423,43.0,11.3641687621187
987297,3013,50.0,6.14065453155164
980024,2080,43.0,0
980049,3024,12.0,0
980050,5550,12.0,9.98183669924843
987007,5305,3.0,5.15169645607565
68564,2424,115.0,0.464906483734683
986998,4523,627.0,0
79610,2002,43.0,0
979545,5051,1.0,0
979843,5080,7.0,8.37576111598514
987082,5110,5.0,7.78431459701672
979803,5216,43.0,8.59340511505513
69159,3048,51.0,0
978648,3581,51.0,0
69160,5339,76.0,8.96308331783692
938518,5033,8.0,8.79066402981635
978659,5246,43.0,0
68205,1016,1.0,0
978483,5042,43.0,0
978623,5251,43.0,7.03859449492987
986568,5277,34.0,8.36796460877208
940916,5204,43.0,5.684759843681
69088,6370,72.0,7.24646275476388
69088,975,43.0,3.63920171334827
69088,3579,118.0,3.75303327461683
978505,4507,30.0,12.5604791046613
986526,4656,177.0,0
978609,4662,30.0,10.8969738485049
69093,4381,106.0,0
69093,4304,146.0,3.96697342771997
986513,3515,43.0,0.0175420946173897
69089,4296,115.0,1.04418605921243
69092,6364,146.0,10.4200031226128
978287,5356,134.0,8.49324395145948
69086,1027,43.0,7.56122975879273
984961,5031,1.0,0
985484,5287,11.0,0
985459,5052,7.0,10.6919124841894
68723,5335,24.0,13.5194845056911
63959,3553,43.0,0
977228,5229,43.0,6.42057311366101
70981,3208,43.0,4.57057040266274
977234,5153,43.0,0
70920,3195,43.0,0
957955,5306,43.0,0
70929,3200,43.0,3.78681511476014
985604,5297,43.0,0
985624,5152,43.0,0
976794,5373,39.0,7.77502732817116
959338,2999,20.0,0
67662,3613,2.0,1.40928429001464
985689,5308,6.0,0
72806,4355,123.0,34.6328701706145
984636,5095,9.0,9.09416765132652
984195,5217,2.0,4.81345902499228
976736,5050,5.0,0
136141,1956,43.0,4.12329900760074
984205,5265,43.0,0
933773,5069,2.0,0
983800,1355,43.0,0
67862,4362,100.0,0
983800,5132,21.0,0
67860,4359,372.0,0
984199,5184,39.0,0
72179,5659,120.0,0
984199,6218,36.0,6.3703174788833
984210,5000,5.0,0
72135,5338,54.0,7.21952668857119
72135,4286,120.0,1.43119980714556
984202,5289,10.0,0
983800,1349,43.0,0
976243,2075,43.0,0
976928,5055,3.0,0
983786,5994,24.0,9.32343715958727
983786,5993,93.0,9.42504303766752
983995,4999,6.0,7.64993131969489
72217,4238,20.0,9.576836073424
975959,5294,43.0,0
984182,5303,8.0,0
976197,3244,43.0,1.66334698809044
984184,5066,2.0,0
932549,5047,1.0,0
975971,3500,49.0,0
984161,5276,16.0,6.83804668220667
60820,6494,30.0,14.6886674901335
975852,2283,48.0,0
984189,5235,18.0,5.75401402536204
62440,3525,43.0,0
975854,3656,48.0,7.64537280456916
137440,2008,43.0,0
62442,1999,43.0,0
957405,5242,3.0,0
975965,5044,2.0,0
983767,4635,63.0,4.65442185619394
983767,2301,63.0,4.91201999932454
930901,4555,30.0,10.2763598469789
975390,3346,43.0,10.3934489770428
60773,2218,1.0,0
424861,4930,350.0,104.733299717586
983409,5151,43.0,6.19253378194659
983210,5266,11.0,0
975689,5030,6.0,0
138288,6450,62.0,8.53978779190819
983401,5281,12.0,0
975551,4603,66.0,12.232617975251
975675,2064,43.0,0
983306,5091,20.0,0
64280,3621,4.0,0
975412,5213,43.0,6.33368989655824
983385,5003,2.0,0
930240,2006,43.0,0
975513,4511,11.0,3.12393217373057
975727,4997,8.0,0
975647,5823,9.0,6.56489637818709
975687,1410,16.0,0
975726,5587,132.0,11.5634417206658
913675,2070,43.0,0
975132,3688,18.0,7.33831908868755
930390,5186,43.0,0
63429,3237,232.0,2.64638527063627
975132,2351,18.0,0
139409,2938,43.0,0
60082,1079,43.0,0
974858,3661,20.0,5.01368745140774
974857,5969,88.0,12.1131092857295
983390,5267,5.0,0
983178,1374,43.0,0
983178,2489,43.0,0
983171,5285,11.0,0
983390,5211,2.0,8.483469251292
64828,3276,12.0,0
983175,5227,1.0,5.88074209985394
62289,3507,43.0,0
975160,5189,3.0,6.17321581301541
974955,3745,59.0,0.373328023185288
974989,3129,43.0,0
974897,4702,80.0,6.32191166976775
62200,2065,43.0,0
974863,5212,2.0,0
64793,3547,4.0,0
59966,3471,43.0,0
982974,5239,2.0,5.55917317567054
982973,5234,91.0,6.48596693139193
974846,5117,3.0,0
974377,5275,10.0,0
974841,5237,7.0,0
974595,5202,40.0,8.07469475633732
974739,5293,43.0,0
974571,1521,6.0,0
974639,5240,6.0,0
974571,4687,260.0,12.127508211899
974610,1420,43.0,0
974610,2917,43.0,5.85650453431629
65075,2049,43.0,0
974473,5101,1.0,0
974571,4536,149.0,0
974645,5366,124.0,10.9535329545979
60524,996,5.0,0
138931,6384,19.0,12.1017350214925
973913,5166,43.0,0
973799,5187,4.0,5.99135875246161
973848,5028,4.0,0
138574,2032,43.0,0
62120,4303,69.0,0.0987178909229971
973910,5085,3.0,0
973976,5225,4.0,0
60579,3178,43.0,2.54307674048545
62092,2700,69.0,0
973992,5218,43.0,9.07358112165601
973869,3060,110.0,0
974063,3231,43.0,0
65171,3533,43.0,0
973831,2911,43.0,0
912322,1985,43.0,0
903835,3414,43.0,7.06312164068072
62089,6466,65.0,12.1735365260533
911882,5120,43.0,6.8003215072804
62089,3508,21.0,0.28287531295497
983007,5254,43.0,4.55358702980581
62109,4341,19.0,11.7708739590087
51140,3086,43.0,0
903830,4711,93.0,11.5160988018502
60629,3464,43.0,0
150112,3901,40.0,0
150111,2221,40.0,0
903812,5219,43.0,3.59444548250995
982939,5039,15.0,0
61972,6216,54.0,4.08319805973862
61974,1011,43.0,0
912052,4614,39.0,4.27382335068961
61974,2417,51.0,8.33042082482998
973709,5290,43.0,0
912052,3018,39.0,0
973336,40,43.0,0
973336,5997,76.0,9.79533158128156
982944,5079,27.0,6.34120868788568
1041831,6367,236.0,9.53943851586424
60127,4342,61.0,11.8115497833946
903524,5002,3.0,0
903807,5158,14.0,0
973387,5037,23.0,0
1041831,4682,236.0,11.4538574974075
141717,3893,9.0,8.25059460297187
973140,5006,1.0,0
140890,3902,39.0,4.93376926714233
903372,5244,50.0,5.56721989810902
911674,2044,43.0,0
903343,5245,7.0,0
911486,5600,15.0,8.87343990082314
982176,5107,3.0,0
1041898,6231,150.0,0
51599,2399,4.0,0
982742,5255,55.0,7.80397901508668
903346,5311,5.0,0
903267,5492,84.0,0
52062,2026,43.0,0
903033,5291,1.0,0
903267,4532,67.0,0
982755,5127,43.0,0
911209,4518,20.0,12.1483540588333
973495,2827,135.0,0
973495,1378,43.0,0
903267,5493,110.0,8.79882031111583
903037,37,43.0,0
911210,2069,43.0,0
973493,4684,98.0,1.52465093919825
982112,5249,62.0,0
926581,5021,1.0,0
973493,1417,43.0,0
911442,5089,8.0,0
902652,4626,20.0,10.0058572857894
924080,5552,14.0,10.655098011402
903339,5228,17.0,0
481792,6413,293.0,9.86094573302217
924080,1441,43.0,0
911197,5508,158.0,13.7816332555857
973494,5130,4.0,0
973175,5063,6.0,13.5078364009483
973474,5273,43.0,0
52403,2015,43.0,4.91233324617835
902845,5298,4.0,0
911196,6252,36.0,8.25511603880887
143203,2150,52.0,0
902839,1405,43.0,5.53005667195279
902907,5589,15.0,4.87516129324448
902839,6232,68.0,9.63145124765919
902907,1473,43.0,0
902754,1472,43.0,0
924079,3524,85.0,5.82116170120907
49690,5376,68.0,7.35323946847424
902834,5312,13.0,11.1375256156822
982686,5014,1.0,0
973227,5201,18.0,0
902786,5241,43.0,0
981351,5098,2.0,0
1041864,1462,43.0,0
1041837,6245,140.0,0
973195,1414,43.0,0
973188,6243,136.0,10.8630000200262
902799,1318,43.0,0
902799,1317,43.0,0
981443,5073,1.0,0
902799,3733,82.0,8.40895708992525
902799,4674,82.0,5.66121189173932
49986,4376,10.0,9.07511449224732
902799,5873,82.0,7.89439493684434
973188,1329,43.0,0
981274,5061,2.0,0
902360,5029,4.0,6.08307377040376
981259,5124,2.0,0
902191,3769,195.0,8.7766805102506
902470,3530,51.0,4.84160193040789
902164,2519,43.0,0
51442,1009,4.0,0
981365,5296,13.0,0
982827,5123,10.0,0
1041846,4701,100.0,0.0778421512336305
981218,1313,43.0,0
973177,5172,52.0,13.9207404140284
141994,6541,151.0,7.04120276761406
910295,5035,13.0,0
973189,2609,107.0,0
981218,4537,10.0,4.83692478161186
51357,3428,43.0,5.20913446539949
981218,5977,104.0,2.22430512531353
981378,6437,88.0,12.5231540476126
973189,4591,107.0,6.16032223390953
902331,5053,9.0,14.5682182177793
902214,2895,2.0,6.37464240263439
902361,5170,43.0,5.09215859465829
902260,5283,43.0,0
503679,6145,350.0,12.539423277787
981394,6432,74.0,11.9322200508513
982828,5143,43.0,0
902292,5263,5.0,0
902335,5301,50.0,0
980591,5232,33.0,0
981210,4712,48.0,0
902316,5013,1.0,0
902055,5570,15.0,9.27411754553039
902055,3495,120.0,5.34423162275275
144139,3896,26.0,8.73491893629954
981524,5168,1.0,0
982014,2278,50.0,0.725927783494164
981354,2186,34.0,0
981464,2548,49.0,7.82208057118542
909848,1411,43.0,10.1410226221604
902320,5259,19.0,6.97017873161966
902291,5233,9.0,5.08233503517893
909824,3116,43.0,0
981354,3728,34.0,11.6376276856742
902059,2444,108.0,5.18022371764872
902059,4574,108.0,5.23848153247857
901974,5500,25.0,8.3923109823341
902030,5256,4.0,0
922802,1959,43.0,0
902048,5269,17.0,0
901972,3373,92.0,0
902031,5071,3.0,0
909802,1532,43.0,0
49193,4365,250.0,0
981940,2033,43.0,0
902002,1486,43.0,0
144422,3000,113.0,4.58979273177887
901836,5327,92.0,9.33889428055913
980616,5099,29.0,0
981057,4669,29.0,4.73063372024488
901986,5261,8.0,6.64641376489038
982930,5077,24.0,0
981088,5222,2.0,0
33650,6081,36.0,11.829716325336
982538,5088,43.0,0
981106,5282,43.0,0
980613,5164,83.0,0
981947,5295,43.0,0
901980,4539,105.0,5.09851099367188
981971,5313,2.0,0.0479998889328978
981556,3749,140.0,5.2686854320044
33871,1975,43.0,0
981107,2803,72.0,5.50682276608267
981556,1437,140.0,0
982873,5679,18.0,10.0264813311506
920448,5054,2.0,0
982873,5198,19.0,6.18870051829549
901843,3043,255.0,4.80364038460718
901842,2977,101.0,6.48823834702704
901831,4640,192.0,3.83541809161023
901994,4505,10.0,0
981953,5286,43.0,0
144508,5408,186.0,7.92537801211785
981611,5115,1.0,0
901837,4637,106.0,10.0735626801982
981867,5196,4.0,0
901752,2807,32.0,0
52643,2061,43.0,4.73955111635821
144476,3894,54.0,25.0428748664659
981033,2868,75.0,0
981101,5980,26.0,3.13531151630247
982914,5200,43.0,0
921648,1528,17.0,0
901771,4583,98.0,4.29464370881273
981023,3604,24.0,7.36889488116039
980976,2858,106.0,0
901833,5605,104.0,9.6475432066023
919030,3420,43.0,4.22749952187565
981548,5093,3.0,0
901746,5686,52.0,9.62939932803757
981531,5207,42.0,0
981111,5671,278.0,10.3615367901437
981118,5857,24.0,5.22806600812219
981118,3730,24.0,0
982520,5209,43.0,0
908472,5019,17.0,7.09219470815168
981118,1339,43.0,0
981022,2387,30.0,0
901822,2779,100.0,0
980656,3859,258.0,12.3603500283947
981021,5874,60.0,4.16686984022913
901712,3038,43.0,6.91355220881456
895276,3779,63.0,8.34975009117753
981118,3780,76.0,12.4944004082599
895327,5113,6.0,0
981888,2643,257.0,0
918612,2024,43.0,0
901768,3019,561.0,4.09204030437959
908411,2737,150.0,0
981646,4631,206.0,0
33663,5870,62.0,7.73526084425313
901713,3017,142.0,4.72738935498824
981895,4550,257.0,4.84690871000764
980631,2854,152.0,0
981646,35,42.0,0
981893,5034,20.0,0
901771,2195,98.0,4.69415908851635
895309,5506,100.0,9.74859185218243
895309,6434,212.0,9.95810054328834
48736,3318,43.0,4.71872449056696
895301,4512,203.0,10.3061373095263
908564,1483,6.0,0
33659,5871,84.0,11.8319661719066
918476,5258,5.0,0
901518,4508,7.0,8.41228992599359
981895,5119,43.0,0
980636,5238,9.0,0
982904,5081,13.0,0
908405,5190,43.0,6.35859676452018
901698,4547,68.0,4.21344002360653
908427,5024,3.0,7.52009630530181
918939,5370,19.0,8.61949693402796
895301,1394,43.0,0
918939,1503,43.0,0
981894,5118,8.0,0
895312,4515,19.0,18.1497337002564
918939,4610,19.0,5.35221275628315
33680,950,66.0,0
901696,3044,43.0,0
895264,6227,70.0,9.76396286915475
901780,6134,101.0,7.77827503326321
901517,3101,211.0,0
982910,1327,18.0,3.7321402863059
33674,4281,92.0,5.60233857211541
981017,5317,43.0,0
981632,5479,85.0,4.27408479585693
981014,5318,58.0,0
895261,5310,10.0,0
982911,3152,43.0,6.7540856574434
33697,6072,26.0,11.2218353250014
901574,4709,193.0,11.3861994842637
895243,2822,174.0,5.08518400467199
981832,5309,9.0,0
901528,6372,120.0,10.48975837148
901528,1319,10.0,6.26634055490251
33696,945,3.0,0
33681,3729,92.0,3.80931981279086
33731,3714,26.0,0.486719196925055
895298,5747,90.0,9.0785730796536
981654,4587,91.0,4.65230591563612
895310,1498,43.0,0
981848,3425,147.0,0
982493,5116,43.0,0
901574,4534,193.0,0
908640,5026,2.0,1.01322221764699
981654,4530,561.0,0
901502,1363,43.0,0
895232,6250,108.0,9.87434241504604
24973,14,8.0,8.02361257322584
982442,1452,45.0,0
895232,1311,43.0,0
901687,3591,43.0,0
895272,2368,29.0,0
982345,4658,257.0,0
895242,5315,11.0,0
901670,5068,16.0,0
982907,4650,108.0,4.21419486654283
895269,2756,94.0,5.26546474348888
980696,5147,7.0,0
918130,5046,1.0,0
152399,6483,52.0,6.69994900835928
895269,5730,94.0,9.33468966576574
895225,6473,58.0,9.37496695579998
152399,829,43.0,2.66122338915279
895120,3398,43.0,6.36723933253382
895256,5314,16.0,4.14204484514058
895240,1335,43.0,0
901485,4618,183.0,8.44062742927173
37190,5701,20.0,12.5927740489972
981647,1530,43.0,0
895229,2815,82.0,0
895227,5192,4.0,5.34311847759959
34157,1050,43.0,8.25622262511475
895169,4649,175.0,9.4755786183511
54513,3341,43.0,0
980706,5111,3.0,2.91366538914427
901668,5532,202.0,7.09862316271008
895178,5780,133.0,9.94591488438259
34145,4291,35.0,3.17336294253464
895229,5782,82.0,9.00580410548211
895169,4722,113.0,0
895171,5584,55.0,10.0743352233122
895143,1461,43.0,0
980706,5149,2.0,0
895152,4671,51.0,9.65452388227149
901648,2608,83.0,7.61566557539715
901628,5150,2.0,0
895169,1520,43.0,0
895169,1519,43.0,0
895213,6428,178.0,10.2156437038908
895151,5501,41.0,10.0659880843556
34111,3125,43.0,5.36332172434087
901648,1373,43.0,0
895150,201,43.0,0
982906,2846,177.0,0
895149,4520,31.0,5.38535343448265
895163,1479,43.0,0
895162,1429,43.0,0
895190,5302,43.0,6.46278077579728
895187,2220,67.0,0
895182,2939,151.0,0
901482,2623,121.0,5.8943416304492
895091,5041,1.0,5.86440602316947
901623,4707,25.0,9.58383179411678
895212,5105,2.0,0
895207,6438,134.0,10.2304391267158
895061,4551,73.0,4.24761246591648
901470,5040,3.0,0
895066,1537,43.0,0
34104,2712,65.0,0
895042,4638,179.0,10.1639361181153
895041,6433,105.0,10.4065320539717
895041,1493,43.0,4.40059139361854
34125,4268,42.0,9.78240587874492
917829,3332,43.0,0
895099,2407,38.0,0
895028,4695,105.0,9.72647682864278
895042,2823,179.0,0
894921,3499,43.0,4.84751386766925
46820,3383,43.0,0
894906,2849,84.0,0
895076,1343,43.0,0
895076,4510,40.0,10.0059721215275
895074,2753,81.0,0
895029,1527,43.0,0
895021,4516,102.0,5.20365159163415
895025,4718,81.0,0
895069,2937,43.0,7.09538993877543
895022,5087,4.0,0
981830,5181,43.0,0
894946,6009,60.0,9.35012496583817
894946,6247,154.0,7.55279014472135
895038,5165,43.0,0
894945,4691,42.0,9.51471681033737
895039,3298,92.0,0
894946,4509,175.0,3.09084769017734
894946,1358,43.0,3.3193668251391
895019,6127,56.0,8.44690372756418
144492,823,43.0,0.595770387774455
895037,1456,43.0,0
144493,6199,39.0,7.29804584951312
894944,2149,29.0,0
144478,2056,43.0,155.872840703745
901172,3147,103.0,4.29869871141578
894972,3852,52.0,9.40553116120811
982352,5319,25.0,0
901432,2925,43.0,0
34436,3193,100.0,0
894971,4704,52.0,10.4154513875899
894974,5731,53.0,9.9054523309835
901171,5591,51.0,10.1105496149177
894952,1336,2.0,0
894970,2098,101.0,0
894980,2671,119.0,0
981807,5007,3.0,0
901438,2799,110.0,0
901163,5076,3.0,6.16961105158672
901184,2252,72.0,0
982360,5194,49.0,0
894834,4538,20.0,9.84734344613204
981671,5156,43.0,0
907660,5197,43.0,0
981803,5226,43.0,0
982361,5144,43.0,0
981800,6007,120.0,4.26476036238725
894871,5038,1.0,0
980737,5260,43.0,7.07820654687269
895002,5086,3.0,0
982383,5082,16.0,0
981810,5083,10.0,0
981724,5078,2.0,0
48416,2832,106.0,0
894822,1494,43.0,0
901034,4563,34.0,8.09284729363098
980947,5090,18.0,0
35987,3309,43.0,0
894764,1958,43.0,5.09819422311252
901034,1468,43.0,0
901011,4570,245.0,8.68467891267169
894608,5022,24.0,0
982365,5025,24.0,0
981789,5048,34.0,0
901000,4663,169.0,3.48267542164518
900989,5619,68.0,8.48997548796831
901282,2953,64.0,0
26559,3199,43.0,9.23894045672936
901026,3142,43.0,0
981692,5248,49.0,2.13549330420424
48207,3247,43.0,0
981770,5136,43.0,7.05940816283353
980773,5134,11.0,0
981774,5023,23.0,0
36034,3307,43.0,0
906995,5177,2.0,0
906812,3322,152.0,0
981766,5284,43.0,0
900956,5304,4.0,0
894224,5203,4.0,5.33407763957414
981771,5009,6.0,0
900849,3117,43.0,0
24841,3677,9.0,8.14840479489795
36054,3312,43.0,2.34618909758572
894749,5292,43.0,0
982375,5010,2.0,0
900077,3266,43.0,0
894266,5272,2.0,5.93260678213817
981765,5199,43.0,0
36120,2046,43.0,0
900919,5049,2.0,0
900902,2641,72.0,6.01927716356576
900392,4527,564.0,0
894282,5157,1.0,0
25890,3135,43.0,0
900915,5288,12.0,0
34896,3230,43.0,0
900932,5126,43.0,0
894298,5182,5.0,0
980869,5250,43.0,6.85427914308149
900358,5279,31.0,0
900183,3228,43.0,0
894168,2899,43.0,0
27559,6208,4.0,8.33221392735523
900344,3739,63.0,1.59976436331835
980783,5169,43.0,0
900344,5999,63.0,8.36420302550658
981763,5092,43.0,6.52380042318719
27449,3192,43.0,0
900344,1446,43.0,3.95607654976355
899956,5278,43.0,0
894367,5084,2.0,0
900353,5075,43.0,0
980871,5133,43.0,0
28396,3196,43.0,0
894105,5167,2.0,0
893755,4521,49.0,10.8069786236993
981745,5316,43.0,0
25243,2989,43.0,0
25950,3014,43.0,0
893985,5121,5.0,0
899813,5236,15.0,6.75185289755056
34964,2319,1.0,0
23808,77,43.0,0
23699,6464,55.0,8.0569996360071
899826,5268,43.0,0
899820,5097,2.0,0
893449,5598,185.0,7.31400273748599
38597,3320,43.0,0
893454,4619,98.0,4.03766690719222
36576,2341,4.0,0
899463,2906,43.0,0
27331,4247,23.0,4.00959736243706
893491,2924,43.0,2.12325600265711
893002,4517,83.0,6.76430932163453
899436,5191,43.0,0
899411,5215,5.0,6.18768075242974
29431,3186,43.0,0
892441,2927,43.0,4.47300335116354
898902,5193,43.0,7.88807865992675
26326,2013,43.0,0
556,5843,70.0,12.1921529742114
590,76,43.0,10.5258883775957
892950,4621,105.0,5.83434853686079
898921,4548,204.0,12.4699835830967
29421,2055,43.0,0
892146,3606,43.0,0.350484101116039
26319,4374,21.0,7.16445205948719
892168,3559,571.0,0.691765181102817
23758,4307,39.0,6.43558753660723
892340,5059,43.0,6.00489500185353
24568,4350,40.0,5.49495263954789
898387,5856,22.0,11.5832270204706
24568,5396,80.0,10.6438500876517
892112,3067,70.0,0
27737,2874,30.0,0
892168,3544,31.0,10.8769923652251
24631,985,107.0,0
26300,3477,43.0,0
24578,3045,66.0,0
891615,5541,54.0,9.7928095212534
1207,1035,68.0,0
892286,5140,43.0,0
891543,1507,43.0,0
650,962,43.0,16.4266958723633
891474,5996,75.0,11.4458141938808
904518,4596,55.0,9.7376173549098
891470,5998,81.0,8.22537049637977
891470,1381,43.0,4.13251178285268
891032,5230,43.0,0
28842,3241,43.0,0
24586,4312,55.0,7.34896165094686
897220,5155,1.0,7.1102123440479
897212,5270,43.0,0
1218,4293,39.0,7.45728892885218
24598,6385,92.0,8.06958662637556
28846,986,4.0,0
29609,3615,2.0,4.82826808056827
897580,5274,43.0,0
37707,4305,82.0,9.56267457802764
896624,5114,1.0,0
37713,4265,9.0,9.51007123375775
24592,5762,143.0,17.0523999447323
25405,2661,142.0,9.2859813669175
2163,3609,45.0,5.00208475688723
31635,4295,93.0,4.41112856822931
28824,3242,218.0,4.0844353696699
31635,6114,174.0,6.6570752910458
896717,5036,3.0,10.4425033328224
796,6078,32.0,10.4252156955703
890401,5257,43.0,0
31635,958,43.0,0
896951,5060,4.0,0
27801,1965,43.0,0
31575,4357,30.0,1.45572048209067
39272,1062,79.0,0
28792,2057,43.0,0.784323886307388
890436,2905,43.0,0
834,2921,43.0,0
6186,4382,79.0,0
39258,4326,19.0,1.06222984454906
1036,3589,18.0,0
6186,1028,43.0,0
1036,2167,18.0,0
1123,3268,315.0,7.55799688479855
1264,6077,119.0,10.944285832925
904150,2030,43.0,0
6217,101,43.0,9.18496382428639
6217,5795,195.0,13.1659028929244
896108,1966,43.0,0
1070,2744,108.0,7.28776754488325
1070,4339,102.0,6.3319722804397
904213,2031,43.0,14.0780956843926
6171,1957,43.0,0
6116,4285,81.0,5.91299257602679
6116,993,43.0,0
6136,15,26.0,7.31829853008166
41868,3348,50.0,0
6135,4338,130.0,5.79103709388325
6115,4277,106.0,5.96603120177131
2146,5451,126.0,7.98193341740205
889185,5008,4.0,0
1056,3681,43.0,3.09313823773262
2501,2646,119.0,0
889206,5112,2.0,0
900,2797,61.0,7.20902913590253
2147,2969,231.0,4.50531366464566
2147,4335,231.0,2.47661974897769
6157,1964,43.0,0
2962,6462,168.0,16.7464191112687
6095,3092,101.0,0
895402,2021,43.0,0
6094,2664,73.0,0
2965,4375,8.0,8.68587756021607
2962,6,34.0,0
889016,3407,138.0,0
896,5399,101.0,11.3081739798808
889014,5108,2.0,0
888942,3070,116.0,1.9662181878732
889016,6470,341.0,9.72441711450023
888918,5682,9.0,8.76180021939371
2964,3052,43.0,0
2206,2992,25.0,0
888912,5231,43.0,0
888981,3201,43.0,0
1860,2920,43.0,7.54845588197262
888918,39,2.0,0
1861,6203,102.0,11.8909668398464
1861,1102,43.0,7.97299064147033
926,4314,54.0,2.55026526997894
1883,6204,73.0,11.0235286303513
1883,2848,73.0,7.08153164819537
888929,5122,9.0,0
5998,956,50.0,0
4804,3673,32.0,5.66892589428559
1836,4361,75.0,7.54988193004429
929,5814,117.0,10.8896430746332
1867,3693,26.0,0.952147414651955
1867,2847,202.0,0
929,9,48.0,0
1890,6319,26.0,6.57029545192865
1890,1005,43.0,0
928,6369,117.0,15.0179345954252
2718,1053,43.0,6.65651294327572
5172,1049,43.0,3.48119848099982
5161,3698,22.0,8.83518113808202
2717,2067,43.0,0
4782,3593,154.0,0
1809,3478,77.0,0
2434,3059,31.0,5.46006416230214
2434,4298,19.0,2.26560155368614
6295,988,43.0,0
1823,1963,43.0,1.98747634419272
5155,2053,43.0,0
2273,2004,43.0,0
3193,3602,27.0,6.36515248592293
3213,3874,77.0,9.70145264024751
2400,4363,390.0,3.06062162049271
6774,6146,665.0,7.55381119587403
1974,5746,196.0,12.829831903554
3149,2971,12.0,5.80315156883805
1748,5798,77.0,14.7183822019533
2410,1069,43.0,0
1661,1070,144.0,0
1661,2817,144.0,0
2410,4331,66.0,3.99023049420365
6310,2843,93.0,5.40517577405173
6302,4348,352.0,7.73868081666913
4939,6424,2.0,6.37727446867962
6320,82,43.0,4.21513840254425
1744,2166,89.0,0
6417,6044,100.0,14.5800828540369
3484,4310,10.0,4.74834773199302
6494,3449,41.0,0
6506,4288,42.0,4.73441982011688
1484,3700,43.0,1.06442424619749
5279,1000,99.0,9.79666098981635
28,5882,99.0,9.95164924718113
6500,5401,201.0,8.9877423691711
8864,4347,13.0,8.77771568214912
279,3238,92.0,52.8393506312999
279,2310,92.0,52.484206271079
279,2307,26.0,62.695008041628
3666,4289,151.0,4.97756564942664
10156,3574,43.0,0
6928,3273,200.0,0
8956,1115,43.0,0
6928,4344,150.0,6.06433325888792
6928,5704,200.0,3.36412277381651
9011,4256,8.0,8.51668316799583
6972,2886,20.0,0
3659,4299,38.0,3.45484297523953
1289,4274,1.0,8.86998453476459
3807,2973,38.0,0
675277,4021,74.0,2.57124489566914
7070,3311,60.0,5.27640115966138
9178,5842,31.0,8.50671638466658
9178,3,43.0,0
7157,3503,43.0,0
7404,3299,43.0,0
7550,4255,2.0,11.6825051396575
12399,3504,43.0,0
12609,6542,250.0,14.8112288301648
5883,4270,2.0,8.61219249855769
4363,2728,65.0,4.08639969640442
7980,1970,43.0,3.29058777598228
5651,6020,2.0,8.24429166900761
4479,1983,43.0,4.26991157073039
4543,81,43.0,0
4543,4244,150.0,10.3901840512385
13342,3452,43.0,0
13969,5562,42.0,5.90432297690868
98232,2956,6.0,0
4557,6456,69.0,0
14080,80,43.0,0
13477,3361,43.0,0
14080,5784,77.0,10.7078028873896
98260,2742,70.0,4.49874800421142
98260,4055,67.0,3.68454313652131
98221,6055,220.0,14.1451924005178
98224,3762,220.0,9.50829163470539
14734,4368,209.0,0
15403,2328,12.0,0
98412,4052,50.0,8.76814803518178
14853,6196,2.0,8.84146114747594
98418,4056,20.0,8.10588079428813
16512,3469,43.0,0
98334,3461,284.0,0
17658,4369,227.0,0
17720,3442,201.0,9.87917427421413
18364,5561,39.0,5.94833478463008
17754,1100,43.0,10.1577523610451
20501,4290,17.0,8.20072999694568
21186,3470,43.0,5.42736578570508
98930,3479,43.0,0
20721,4324,88.0,11.0688661769091
23042,2958,43.0,0
98827,4054,6.0,4.98520171877687
23232,4340,44.0,3.04866630953836
23232,4323,55.0,9.61997081885318
103703,5463,40.0,5.62455349904965
103714,5818,14.0,6.16470893724681
103714,849,4.0,2.14869148932878
103684,84,43.0,0
103702,6080,16.0,1.24361758165072
103300,3959,8.0,8.85200517056623
103891,854,4.0,0
103891,6454,14.0,20.4869576134998
103940,2877,19.0,13.9774907261573
104356,3717,14.0,0
106887,3935,55.0,2.52396046229516
106887,848,43.0,0
106874,3551,17.0,0
106419,880,43.0,1.51615326832462
106623,3966,6.0,9.00525161229027
107202,3952,35.0,3.18408296676433
105952,3284,6.0,0
107394,3653,91.0,1.4604020178896
107394,2716,91.0,0
108319,5416,57.0,9.20531424235558
108323,3137,61.0,0
109132,5461,27.0,9.58915712090103
786960,4953,6.0,8.04815990690396
109502,3931,40.0,11.2895969664527
109502,867,43.0,0
109503,3947,16.0,8.34988308858215
97754,3954,169.0,8.86394078141712
112848,1971,43.0,0
111939,3960,6.0,10.7705899725272
111798,2010,43.0,0
113080,3957,10.0,6.43928903669724
111342,3958,7.0,8.09739029640616
111397,5838,26.0,22.962870101373
113135,840,43.0,0
113089,3934,47.0,7.53789129145272
111069,4611,15.0,0
113635,3032,150.0,0
783372,3389,297.0,12.4232045994332
115570,6200,97.0,7.67293728160224
115570,862,43.0,3.58359852535548
113220,872,43.0,5.61259123540497
113220,6452,74.0,9.63534922344647
113715,3950,47.0,2.7130591053035
113697,884,1.0,0
113696,6453,35.0,8.65209311627454
113697,3964,35.0,9.05794435284536
115357,3956,8.0,3.81942163032686
114902,6381,80.0,7.33710079703186
115275,3963,32.0,4.03266669334062
114902,2659,80.0,3.33113947419026
115591,2164,62.0,5.12391246361106
115524,3965,26.0,0
114679,2867,27.0,3.05838108739469
115571,3105,62.0,6.63159762875628
115541,6129,62.0,9.43413359733852
783297,2128,225.0,4.29437285423785
114631,3949,12.0,8.98524863728968
785899,2099,11.0,0
783297,175,6.0,7.33439649884009
783297,5466,56.0,7.89189296003887
782716,2108,25.0,0
114555,3953,60.0,3.6250703551223
703107,2077,43.0,13.5633629714431
682614,4991,91.0,10.6435920036682
705091,25,43.0,0
784876,4980,12.0,3.19912579789761
705796,3012,43.0,0
118297,3138,46.0,4.36343485196303
782813,1221,43.0,0
782836,6124,50.0,9.97289702339173
118243,3962,15.0,6.07447580459309
118078,5459,10.0,8.2451818686259
784148,2113,102.0,0
120478,3903,16.0,2.65161949427179
129691,835,43.0,0
784324,4979,16.0,134.003265694751
714340,4392,150.0,0
712536,6086,67.0,1.81668004222336
718610,4156,67.0,7.17486336238901
718610,21,43.0,0
719002,4155,75.0,6.32471588901735
772898,2156,32.0,10.4591465531774
778613,3371,150.0,0
721112,6111,46.0,14.3235570074594
720965,4988,116.0,5.946948387717
771828,5582,150.0,9.2522632530034
772191,5707,75.0,0
779113,3050,43.0,0
771835,4187,10.0,8.62852569307881
774068,3764,16.0,13.8621906477782
730192,4157,207.0,0
727132,4995,29.0,0.823425150610637
771854,5497,24.0,0
727881,2261,17.0,0
771854,1220,43.0,0
732478,2062,43.0,0
773816,3419,200.0,4.66094459075931
735490,2860,29.0,0
742322,3054,43.0,0
738394,4992,80.0,8.37608218044804
408449,2564,378.0,5.07386981180786
410358,5422,378.0,9.82311702499683
411636,2981,63.0,0
411636,4045,63.0,11.8942987858943
413916,6467,36.0,8.15573438454721
414301,5475,36.0,7.13847505225508
418423,2370,82.0,0
420718,4465,37.0,87.3254394084268
419212,5797,82.0,8.98638199009322
426000,4476,61.0,3.28663685068116
766745,4009,79.0,3.55521285743609
425143,4481,324.0,6.24917067336502
766746,1212,40.0,0
425729,3462,58.0,1.90063657496395
425711,4482,123.0,2.43217451126261
426000,3243,70.0,3.14085628361573
765267,1214,3.0,0
420944,1208,43.0,0
434779,3035,100.0,4.19999801490307
432794,1200,43.0,4.16585031333805
432794,4466,6.0,3.85936173069692
432089,6258,135.0,15.1432182738759
418085,3263,114.0,0
436999,4492,199.0,0
436999,3292,199.0,0
423319,3970,28.0,8.92195607245733
419354,1148,4.0,0
431475,4990,36.0,0.948342782676673
438489,4468,7.0,1.92752415412274
429075,2522,418.0,0
431696,2210,87.0,0
446271,3804,100.0,144.272043174823
437994,3143,43.0,0
761715,6057,24.0,8.6506656156668
451754,1982,43.0,0
452053,150,43.0,0
451758,1194,10.0,0
434194,6094,80.0,8.97627684616183
451976,2735,66.0,9.86152601900818
453055,6071,26.0,11.6803212987318
454535,5476,158.0,11.0316954462375
452922,5885,64.0,10.9454396470655
453771,4474,142.0,12.4987399301455
454382,3078,52.0,9.82217759829345
455227,4479,35.0,11.4401565726229
457302,5903,36.0,9.61122405724886
455227,1196,16.0,0
455771,3686,35.0,11.162342221196
457342,4489,115.0,5.25852742434216
457342,4490,58.0,5.47544882105581
461513,4472,150.0,9.1625983189923
441751,3793,80.0,6.63260677056761
441769,3761,80.0,7.96590538417736
443898,3089,40.0,5.9959228016954
452837,23,11.0,0
445700,5683,100.0,6.86858191262289
455404,4439,100.0,8.10495026963168
446251,2980,41.0,0
453839,2771,86.0,0
761782,6031,28.0,2.47832637596891
761767,2314,28.0,0
467639,2430,123.0,2.47619795572475
454172,1981,43.0,24.018934575711
793715,6028,13.0,0
454172,2137,96.0,0
467754,4002,130.0,8.93494127465489
465374,1187,43.0,0
467754,2954,130.0,0
488636,3587,98.0,0
760808,1219,43.0,0
480479,5474,10.0,11.4443766803219
459930,24,10.0,8.59624044186688
477812,6552,198.0,12.3284215429468
467491,3772,126.0,10.4779586921668
495775,5456,61.0,11.8820875645908
473940,5961,54.0,0
501566,6118,30.0,8.20683302794848
504240,5538,52.0,10.3825975252448
493283,1162,43.0,0
488941,3109,20.0,6.39876391816025
505893,3082,43.0,2.42512252325004
493283,3994,91.0,6.90905900569508
505687,4467,52.0,5.68070712617903
509436,3093,76.0,0
497820,2003,43.0,0
509564,3671,55.0,3.80380028343492
498002,3006,12.0,3.58427072814847
510121,2681,55.0,0
513180,3106,136.0,4.10445635202144
512725,4910,82.0,7.51856102011668
791344,2766,13.0,1.7429856530581
513453,6064,54.0,5.61761420049002
494608,3971,178.0,12.1554813852835
518856,6207,32.0,11.1800295554745
504194,2757,148.0,2.24705756939164
520573,4905,81.0,8.54337249375678
521490,3782,32.0,11.6774967159649
521032,6198,22.0,0
507500,3404,80.0,0
751722,3355,11.0,0
509025,3995,52.0,7.30355072305971
521498,4046,57.0,10.4010269495793
527731,6014,132.0,3.66278169701688
750375,4916,26.0,2.32874145749916
750301,2330,39.0,0
750375,174,6.0,0
526401,3862,296.0,17.6778511722907
758264,2382,27.0,0
519464,3998,296.0,15.013898997292
756612,4929,6.0,6.93739857553814
758251,5909,10.0,8.25893676011605
525940,2148,75.0,0
526947,3353,11.0,0
529702,2600,139.0,0
530717,5815,12.0,0.379466229937628
532468,1157,43.0,0
750158,5537,14.0,9.20724664761378
758090,4928,3.0,6.68545007420382
545585,2941,141.0,0
758087,2719,83.0,0
754748,1241,43.0,0
754777,4913,60.0,8.33570169170794
754777,4914,60.0,8.36761814232052
754866,3599,43.0,3.15878022059583
547019,5583,50.0,7.55149609432471
551134,6140,342.0,6.2252209621862
553051,6079,86.0,6.79731408492651
754588,1234,43.0,0
757853,1236,2.0,0
553051,1203,43.0,0
543223,5884,70.0,0
543223,4441,25.0,0
553677,4047,9.0,2.14732484879158
553677,1167,43.0,0
544287,1188,70.0,0
754363,5754,66.0,6.53731455363233
547993,3120,43.0,0
754175,5428,13.0,4.73218718769769
548461,3180,20.0,0
564870,1976,43.0,1.72458508554481
552722,2091,96.0,0
553735,4003,196.0,11.2784614867232
559791,6095,91.0,5.01276231035867
556960,4006,12.0,11.6506633837355
552952,3367,43.0,5.34030313632116
747428,5821,7.0,6.12368413643686
559477,1156,43.0,0
562756,4394,6.0,3.42776233498718
747428,1233,3.0,0
577988,2741,192.0,1.79599643527795
574513,4393,12.0,4.31438337704516
743225,1217,43.0,0
569506,145,43.0,4.05077592800208
743320,4058,70.0,1.4817734264208
550601,4387,96.0,9.04386412351643
550601,1173,96.0,0
575066,3328,65.0,4.20794691971965
582324,6159,156.0,11.3007774422953
599699,6422,324.0,58.570839874345
581948,3605,43.0,0
830945,4926,61.0,0
582069,2983,43.0,0
581948,3975,114.0,0
587469,6550,129.0,0
825640,4057,12.0,0.0559929786526257
590919,4386,80.0,7.44179979909463
608629,4181,54.0,0
608629,5811,53.0,0
609279,3330,43.0,0
594692,5420,24.0,9.17617020082679
827373,3423,43.0,0
597357,6033,50.0,11.4563119764099
827282,4927,6.0,7.89469754429311
591957,3908,129.0,14.6919316219558
591957,3879,129.0,13.7243467850651
830874,5342,72.0,12.2360969578662
604832,3174,136.0,0
604053,5734,122.0,7.79532444393202
625289,3124,144.0,0
607970,3145,24.0,0
605226,5861,208.0,8.14403893069804
605226,5862,54.0,8.44597554228145
605226,5863,54.0,8.57034328114596
605226,5982,44.0,8.58337194734527
605226,5864,44.0,8.59677406888792
612243,3907,205.0,0.672350180874015
612604,3917,16.0,1.14978939254867
629092,3536,19.0,0
619284,3205,186.0,0
832486,3260,43.0,0
618572,3560,43.0,0
620651,3918,136.0,0
619284,3881,186.0,8.31103763753883
621668,3915,20.0,13.8571412157916
625271,2343,126.0,0
634831,5872,70.0,5.63918472591947
637776,3744,70.0,0
624840,3914,50.0,8.83364343066938
629039,4438,63.0,0
629491,1177,43.0,0
628503,5883,80.0,7.556539020393
646441,5690,60.0,0
646441,6109,52.0,0
629924,4435,60.0,8.13126985003445
826843,4924,62.0,14.6192574970769
631984,4433,104.0,0
632756,4434,145.0,6.66048690695296
629215,2615,268.0,83.453914102816
646720,0,12.0,0
635644,2434,40.0,0
831911,4918,28.0,9.44427711258914
635577,3910,82.0,2.22760927108332
635577,1142,43.0,3.28904798545216
636636,3517,43.0,5.25669406843808
830090,4921,12.0,8.07978737370832
648594,4182,32.0,2.38481089431079
648594,22,7.0,0.221410211636588
640645,3904,57.0,3.02309715930966
643746,4183,102.0,0
641913,6484,24.0,12.9071538999279
645531,6440,76.0,8.68832931635353
649539,4180,75.0,8.35774893622408
649539,1172,35.0,4.07587803452551
646332,5622,163.0,0
646242,4424,161.0,48.3299915492255
647218,4421,79.0,0.161577469462432
648061,1181,43.0,0
648061,6205,71.0,10.8901386730548
648685,4423,40.0,61.0943823336264
643985,6459,49.0,7.69768832250861
813326,3076,43.0,0
651975,2177,224.0,81.044151173898
652378,1144,43.0,13.7262828740395
659415,1992,43.0,8.65081010716052
653166,2126,32.0,0
661438,26,27.0,0
655015,3920,50.0,0
655633,6486,14.0,6.92344433960107
656101,2276,180.0,4.41283256288673
656260,3919,14.0,0.700725323586985
657997,6420,88.0,7.66360060469657
656412,3921,88.0,8.39472397112361
655607,3687,42.0,23.9551220130429
661476,2132,132.0,0
657997,3926,72.0,8.20907908513023
656628,6022,30.0,7.08838350519498
656166,5554,20.0,7.53073111116265
657147,2035,43.0,4.49050819778293
658165,3922,12.0,4.66450778510003
663045,4499,50.0,14.6093088544549
659293,1989,43.0,6.81369323411175
659293,3923,52.0,6.04782152388274
661765,3870,120.0,0
658544,4422,8.0,7.94326804931921
822507,4912,80.0,0
659621,4431,28.0,4.46377527529132
659524,2059,43.0,0
661425,2022,43.0,0
662082,6023,111.0,8.72871654524091
665650,3150,200.0,85.1669872890331
668436,4498,244.0,0
814148,4233,220.0,169.57240970301
814148,2384,77.0,5.13595715742523
1787403,5816,8.0,5.80759026037393
1787403,5817,24.0,8.84916940249604
1787403,1781,4.0,4.8452240569647
1787402,1780,13.0,0
814148,2391,220.0,3.01616865011211
813914,6032,41.0,9.81250646366547
813914,6060,59.0,9.86597469015683
813914,4235,77.0,5.51669468142412
669998,5388,36.0,6.96564878389859
1782968,3350,75.0,0
815883,2751,129.0,2.34046173098797
817087,4232,41.0,141.078571962256
1782974,2469,56.0,0
797267,6034,27.0,0
797267,1232,43.0,2.04007262455358
797119,4449,25.0,1.47400530355181
817259,4229,50.0,0
1753455,5849,181.0,9.30092035552792
1753454,5634,184.0,0
1753454,3007,184.0,0
810017,3472,18.0,0
1747643,3836,148.0,19.4455788832957
1749903,6024,29.0,9.75522001469402
1747656,5801,88.0,10.6009507304046
1749540,2932,43.0,7.19764599097407
1749640,2000,43.0,0
803700,6091,61.0,8.04288070485006
1749501,6183,76.0,12.6792001511401
802814,1230,43.0,0
803700,2448,136.0,0
812293,3556,6.0,0
1747622,2764,57.0,0
1747614,5788,155.0,12.8003852291096
1749248,5745,136.0,12.9345535445085
1749206,2678,136.0,9.57577860868088
1747607,5803,152.0,9.42263100304215
1747606,3297,75.0,0
1773629,1805,43.0,0
1773629,1804,43.0,0
1773615,2331,87.0,0
804734,2894,7.0,0
802315,5415,6.0,10.4496716056343
804994,4230,16.0,7.15259648578615
801082,4228,6.0,5.52885156213122
799888,2891,7.0,0
799884,3335,43.0,0
804507,2892,7.0,0
1741174,5830,96.0,7.80621656449757
1789715,5323,120.0,13.6547712013975
1741079,5829,194.0,8.9354549585095
1743208,2443,125.0,0
1743627,2993,43.0,0
1743625,3189,43.0,0
1742834,3270,76.0,0
1740379,3234,40.0,0
887501,6270,145.0,0.347722357086847
887501,1243,43.0,0
887501,1245,43.0,0
885469,2273,145.0,0
1882293,2020,43.0,0
1882142,3296,13.0,0
1881461,5547,23.0,8.3852898002031
1732636,2610,76.0,0
1878545,6115,81.0,10.2058895872613
1880592,6334,45.0,8.04319874255409
1732468,5739,106.0,2.22169840761574
1732468,2565,106.0,0
1878217,3100,22.0,0
1732212,3798,59.0,1.76997573152466
1898165,5771,58.0,15.0316022355779
1898169,3375,44.0,0
1999072,2442,129.0,0
1875764,1855,43.0,0
1875764,5915,87.0,0
1732033,6444,60.0,6.90046390392655
1880332,2649,22.0,0
1875692,2974,90.0,0
1879592,1829,43.0,0
1877266,5361,14.0,9.19300603056186
1877273,1835,43.0,0
1854927,3639,52.0,65.6896752072738
1877272,2435,23.0,4.50763830969626
1731506,5641,64.0,5.74278641055855
1850297,2727,52.0,0
1877265,5943,66.0,10.9236398537449
1902699,1847,43.0,0
1992475,2241,16.0,88.1773695859656
1879600,5831,43.0,8.40992681331759
1879597,6506,240.0,10.3892590024113
1729691,6202,84.0,8.21938371479938
1738011,5902,94.0,10.4152315611743
1737455,1800,94.0,0
2016629,2088,57.0,0
1729052,1806,24.0,0
1729052,2413,24.0,0
1729050,3753,32.0,9.23940713176399
1737976,2454,76.0,0
1934962,5914,129.0,7.64084304071897
1737960,6155,81.0,4.46309952701901
2000986,5770,50.0,6.13840260060952
1736818,2461,148.0,0
1737688,6152,52.0,5.25082258083706
1734161,65,43.0,0
1735150,3509,64.0,0
1791345,2136,136.0,3.42191138069374
1736818,5667,148.0,10.8667362895212
1734353,3850,148.0,5.41911169937991
1734161,6316,93.0,6.98121845221534
1735642,6423,56.0,6.82619937618571
1735639,2540,24.0,0
1735642,1790,43.0,0
1849898,2589,43.0,156.586993854236
2001883,1846,43.0,0
1736040,1783,43.0,0
2001883,6117,74.0,10.1551887253311
1735898,3454,129.0,0
1736104,1792,1.0,0
1736092,3255,92.0,0
1736104,2871,30.0,2.44898308148704
1736104,5367,100.0,5.58851881739805
1845559,2144,132.0,0
877301,6310,29.0,5.72094546415437
1839132,1789,43.0,0
1839132,1788,43.0,0
877301,1270,43.0,0
877240,1286,43.0,0
1845210,2714,200.0,0
877240,5763,14.0,8.17446962157982
878289,185,43.0,5.66033124807579
1840484,6375,112.0,6.78429611657479
845464,1258,43.0,0
1900906,2773,34.0,0
876583,6417,134.0,6.54396558296121
1900772,2406,30.0,0.337502036172225
1844854,407,33.0,4.289336300255
1900633,5936,80.0,4.34444488974029
1901932,2100,7.0,0.157673423664261
1901932,548,2.0,0.121001132221344
876212,5355,6.0,0
1990116,5846,43.0,7.71682492909206
841919,5764,25.0,8.86014686998537
841919,1282,43.0,0
872060,3261,43.0,9.19347107512474
842944,2087,84.0,0
880774,3300,75.0,6.94741790707051
880774,5805,75.0,10.9176636394877
1989806,3140,48.0,17.2575115142359
1990603,6559,35.0,0
1990603,1927,43.0,0
840142,3549,140.0,0
870984,3699,213.0,6.3977675142121
870975,5715,146.0,8.1019448922892
872220,2695,355.0,0
872220,1263,43.0,0
872220,3225,48.0,0
849484,2694,115.0,0
1943791,1937,43.0,0
1943376,2265,80.0,0
866898,5389,78.0,11.1507260258562
866898,1264,43.0,0
866391,6311,117.0,8.45886957773888
1943421,2414,30.0,1.5248393918258
1943624,1930,43.0,3.54213353865572
2010695,5360,48.0,9.6847594013812
2010722,3290,28.0,0
2010724,2507,43.0,0
867623,6312,102.0,3.7315768640041
2010799,2160,37.0,0
2006107,5947,50.0,11.1065404177003
1976737,5944,14.0,6.66909991412228
2006107,1856,1.0,0
2011932,5911,36.0,7.5523919435948
2007449,5325,6.0,6.37213986165772
1822356,5452,56.0,11.1462493806951
2006050,5918,20.0,3.97050692478896
1822731,5807,46.0,11.6521432054957
2006092,6325,171.0,12.8011110644806
1825573,3214,46.0,0
2006025,6380,230.0,5.81042647090806
2006025,546,101.0,0
2007709,6379,168.0,6.21069641055137
2007709,3520,25.0,11.1776151025845
2007728,74,43.0,0
2007729,2575,24.0,20.7463015466958
2006042,1862,43.0,6.05504799683866
1812889,2629,108.0,0
1815082,2635,120.0,0
1811448,2206,134.0,0
1810535,2209,65.0,0
1810519,6006,15.0,7.05200406134947
867939,1271,60.0,42.1286359337711
1996473,2554,97.0,87.2346497761592
1926130,6498,60.0,12.0021241093401
1874056,5935,24.0,4.49118454143665
1871802,5845,45.0,6.93676495378366
1948886,5405,60.0,6.25554879159486
1873077,5406,138.0,10.416936129475
1926074,1877,43.0,0
1926385,2264,68.0,0
1926054,66,14.0,0.750042443178013
1996417,2178,200.0,0.812848168504718
1927902,6419,200.0,5.78872965637063
1925979,1880,43.0,3.07551022241461
1925982,1881,43.0,2.95353642787301
1925979,2553,84.0,3.57732488071069
863900,1301,43.0,4.86330713074307
864755,6314,36.0,7.71548673346202
865052,1303,43.0,0
863747,1305,43.0,0
1948946,5826,18.0,12.8787232436048
1948946,2158,42.0,9.27192887212096
1925872,5948,53.0,7.59811607114037
1925872,5924,97.0,7.63280960313027
1917976,2325,41.0,0
1914843,3841,66.0,0
1988791,2303,66.0,0.24129814045566
1914843,5695,66.0,10.3217450223862
1927695,1872,43.0,4.24001915007792
1927695,3736,52.0,0
1916488,5898,70.0,5.74215229717944
1916496,2282,40.0,0
1928392,5922,122.0,8.16619033462232
1926948,2605,56.0,0.950255957122783
1922939,3822,120.0,3.63461041485051
1988497,1920,43.0,5.36313844147692
1988176,5691,120.0,6.15416518202475
1988177,562,43.0,0
1988178,2120,120.0,0
1923262,1921,43.0,4.9382558016532
1923263,5949,27.0,6.74692702619851
1923160,2486,43.0,4.90353642971358
1989114,1912,43.0,0
1989114,5925,32.0,0
1885530,1888,43.0,0
1885530,2520,43.0,0
1923137,1885,43.0,10.1229363391738
1801622,6137,102.0,10.5752697944413
2012731,5640,104.0,13.2962474498407
1893342,2648,189.0,5.02447188874385
1802567,6455,60.0,6.81684136832795
1884697,3552,159.0,0
1892759,1908,43.0,0
1884655,5825,26.0,6.77795136672043
1884647,1906,43.0,2.74006021821433
1892904,3716,13.0,0
1886006,3668,82.0,11.156557187555
1800813,3466,43.0,0
1800804,2081,56.0,0
1800804,2377,28.0,2.44866966129439
1883927,2372,34.0,2.63248252562178
1884005,6191,52.0,8.67915502640714
1884277,2965,186.0,0
1922038,2593,43.0,0
1919122,6510,99.0,10.6088655250284
1801766,2687,81.0,0
2019119,1951,43.0,5.4207093664265
2019118,5920,128.0,5.30696208125149
2019118,1898,43.0,0
2043430,5588,49.0,3.28110147476021
1921213,2683,129.0,2.65608512092184
1925219,1897,43.0,0
1925219,5919,107.0,6.60358507157578
1910377,5930,52.0,0
2019116,3172,43.0,0
1925214,1873,70.0,0
1910380,567,11.0,0
1925218,2972,54.0,0
1910380,5363,53.0,13.5428111530017
1888776,5897,70.0,6.86638013559788
1888807,5447,54.0,7.27847129994386
1798685,5616,95.0,7.8922639224379
1925220,6396,49.0,8.53704571484894
1919151,3126,6.0,0
1799484,2124,32.0,3.56722214704886
1890409,5810,111.0,8.78790024195747
1894705,3253,131.0,0
1909767,3412,111.0,0
1799471,6411,172.0,7.68276004428704
1925122,5941,62.0,8.54985379597121
1894388,3876,48.0,9.110188001669
1894386,5933,48.0,6.55343460673448
1925134,1903,43.0,0
1894386,3280,48.0,0
2046419,3047,117.0,5.07052542387986
2046471,5800,44.0,5.67137166609805
1894730,6515,80.0,7.41189787893796
1909083,6067,43.0,6.79673783980916
2046568,5772,44.0,4.94453568533013
1946319,3856,53.0,0
1909089,3433,21.0,2.39651351238879
2048486,6068,43.0,8.05475629010244
2048489,5620,50.0,7.16229772620115
2042860,3310,43.0,0
1894084,6516,206.0,5.56792438598632
1946702,5928,49.0,0
1956331,5942,48.0,5.75207221632084
1956326,67,43.0,0
859470,1295,60.0,62.8160606783955
849870,186,43.0,0
849964,3722,80.0,5.44266355905942
849954,5783,50.0,4.39153746622683
849965,1294,43.0,0
849943,3696,56.0,0
1947970,1950,43.0,11.791817757212
1947970,1890,43.0,19.3663480542647
1947970,5926,56.0,19.6723354834732
849871,1290,43.0,0
857935,1296,11.0,7.85689852612165
2033723,2570,65.0,0
2033441,3734,48.0,9.03364548642864
857924,1246,60.0,4.07161869975308
2032900,1940,18.0,0
1954380,6536,79.0,3.29595847437976
2034171,1939,43.0,0
2034171,6560,95.0,7.70721960495074
2032119,3564,60.0,5.58609778174917
1953029,1945,43.0,0
1953029,2470,41.0,2.19150312150106
1953029,5939,41.0,6.59936836066784
853456,5876,48.0,10.1666808753785
852256,1249,43.0,0
852270,3370,24.0,0
852205,1254,43.0,0
1868993,6056,18.0,6.46836909746387
1868787,1820,43.0,8.23233385603795
1971229,68,4.0,0
1971487,3649,20.0,0
1971488,2102,20.0,0
1971235,6555,40.0,9.62502968503387
1971244,1821,43.0,0
1972158,6108,64.0,4.95842485689982
1972132,2308,44.0,4.05723818925756
1972128,3065,43.0,0
1972008,2231,81.0,0
1871088,5912,23.0,8.00602839368568
1871121,549,11.0,0
1871121,2240,51.0,2.20936745322033
1987026,2356,31.0,0
1866492,3641,34.0,0
1867188,6562,70.0,4.63124565327191
1867188,2674,70.0,0
1866324,2650,28.0,0
1866325,2642,32.0,0
1866330,6025,32.0,5.37350277637698
1867269,2943,99.0,66.6975865137787
1867269,5714,99.0,54.1314855522384
